{
  "Dummy (Mean)": {
    "train_mae": 26420.961494719588,
    "train_rmse": 44241.71486250838,
    "train_r2": 0.0,
    "test_mae": 25915.500632626856,
    "test_rmse": 42691.06418964568,
    "test_r2": -8.770911911426538e-06,
    "cv_mae_mean": 26423.90712554664,
    "cv_mae_std": 536.9915716802244,
    "overfitting_train_test": 1.0195041905328417,
    "overfitting_cv_test": 1.0196178534278328
  },
  "Dummy (Median)": {
    "train_mae": 24027.679572184887,
    "train_rmse": 45920.22636727501,
    "train_r2": -0.0773185447228264,
    "test_mae": 23594.927228564567,
    "test_rmse": 44393.17622165989,
    "test_r2": -0.08134004151011731,
    "cv_mae_mean": 24029.06914572319,
    "cv_mae_std": 671.7059445692786,
    "overfitting_train_test": 1.018340906052739,
    "overfitting_cv_test": 1.0183997989463194
  },
  "Ridge": {
    "train_mae": 19116.183836092798,
    "train_rmse": 35605.49374001122,
    "train_r2": 0.3523056327495626,
    "test_mae": 19007.10700336099,
    "test_rmse": 35750.00486505126,
    "test_r2": 0.29873517126207516,
    "cv_mae_mean": 20011.53061192174,
    "cv_mae_std": 124.75566956915999,
    "overfitting_train_test": 1.0057387393416852,
    "overfitting_cv_test": 1.0528446337668924
  },
  "Random Forest": {
    "train_mae": 13247.052718106574,
    "train_rmse": 23775.46036295177,
    "train_r2": 0.7112021438302483,
    "test_mae": 14847.895381293632,
    "test_rmse": 28413.154655407772,
    "test_r2": 0.5570356679028736,
    "cv_mae_mean": 15263.897324433832,
    "cv_mae_std": 75.7392895113213,
    "overfitting_train_test": 0.8921838670008473,
    "overfitting_cv_test": 1.0280175696593543
  },
  "Gradient Boosting": {
    "train_mae": 11832.565075807715,
    "train_rmse": 20501.852013006515,
    "train_r2": 0.7852553841261332,
    "test_mae": 14455.182824654425,
    "test_rmse": 27062.956608982615,
    "test_r2": 0.5981348645693187,
    "cv_mae_mean": 15137.134231894468,
    "cv_mae_std": 175.40789666535622,
    "overfitting_train_test": 0.8185690364030793,
    "overfitting_cv_test": 1.0471769479163504
  }
}